{
  "accuracy": 0.7983333333333333,
  "f1_macro": 0.25034325311534356,
  "f1_weighted": 0.7522001780475573
}