{
  "CAND_Azon": {
    "precision": 0.5238095238095238,
    "recall": 0.4230769230769231,
    "f1-score": 0.46808510638297873,
    "support": 26.0
  },
  "CAND_Boreal": {
    "precision": 0.0,
    "recall": 0.0,
    "f1-score": 0.0,
    "support": 7.0
  },
  "CAND_Civico": {
    "precision": 0.45454545454545453,
    "recall": 0.3333333333333333,
    "f1-score": 0.38461538461538464,
    "support": 15.0
  },
  "CAND_Demetra": {
    "precision": 0.47058823529411764,
    "recall": 0.3333333333333333,
    "f1-score": 0.3902439024390244,
    "support": 24.0
  },
  "CAND_Electra": {
    "precision": 0.25,
    "recall": 0.07142857142857142,
    "f1-score": 0.1111111111111111,
    "support": 14.0
  },
  "CAND_Frontera": {
    "precision": 0.0,
    "recall": 0.0,
    "f1-score": 0.0,
    "support": 8.0
  },
  "CAND_Gaia": {
    "precision": 0.5833333333333334,
    "recall": 0.21875,
    "f1-score": 0.3181818181818182,
    "support": 32.0
  },
  "CAND_Halley": {
    "precision": 0.0,
    "recall": 0.0,
    "f1-score": 0.0,
    "support": 8.0
  },
  "CAND_Icaro": {
    "precision": 0.0,
    "recall": 0.0,
    "f1-score": 0.0,
    "support": 8.0
  },
  "CAND_Jade": {
    "precision": 0.3333333333333333,
    "recall": 0.1111111111111111,
    "f1-score": 0.16666666666666666,
    "support": 9.0
  },
  "Undecided": {
    "precision": 0.8479087452471483,
    "recall": 0.9933184855233853,
    "f1-score": 0.9148717948717948,
    "support": 449.0
  },
  "accuracy": 0.7983333333333333,
  "macro avg": {
    "precision": 0.31486532959662833,
    "recall": 0.22585015980060524,
    "f1-score": 0.25034325311534356,
    "support": 600.0
  },
  "weighted avg": {
    "precision": 0.7293484006115409,
    "recall": 0.7983333333333333,
    "f1-score": 0.7522001780475573,
    "support": 600.0
  }
}